"Well","Name","Sequence"
"A1","Bit4_1A","GTACGGGTGTACGTGTACCGCGTAGAGCACACCACTTAACTTGCTC"
"B1","Bit4_2A","GTACGAACAAGTGCACCCGCGACTAGGCACCTACGCTGACTTTACC"
"C1","Bit4_3A","GTACGAGAAGTAGGGCCCTCGAACATGGATGTGACTCCAGTCAGGC"
"D1","Bit4_4A","GTACGCGGACTCCTTGGGTCCTCCGAGGCATAAACGCACGGCTGTC"
"E1","Bit4_5A","GTACGATGAATATCACGGCGTGGAGACCAGGGTACACGAACCGTCC"
"F1","Bit4_6A","GTACGAAGTACTGAAGACTGAGGCGAAGCACTCGAGACAAGCCGGC"
"G1","Bit4_7A","GTACGTATTACGGGACGGCTCGGAAGCTCGCTGACCAAGCACGGGC"
"H1","Bit4_8A","GTACGTCCTGGGCCAGCCGCCCTCGAGATCAGAGGGTTTGATGGTC"
"A2","Bit4_9A","GTACGCGTGATGGACCCGTCCGGCTAGCCGACCCGGATGTCAGGGC"
"B2","Bit4_10A","GTACGCGTGTGAGATGAGCTACGAATCGGCTGCATGGCTCGAACGC"
"C2","Bit4_11A","GTACGTGCACCGATCCGTCGCATCAGAACGCCGCGCTCCTCACATC"
"D2","Bit4_12A","GTACGACCTGTGGCACCCGGGCAAATATTTCAATCGTTCACACAGC"
"E2","Bit4_13A","GTACGTAGCCCGCGCAGTCCATACGAGCGGACAAGGCGGGATAGCC"
"F2","Bit4_14A","GTACGCGTGGATCGGCACGCATCGATCTCGTTAAGAGTGTAGGAAC"
"G2","Bit4_15A","GTACGGCTGGTGCGACGAACGGCGAGAACTGCAGCCAGTCAGCTCC"
"H2","Bit4_16A","GTACGGGTGCTGCTTGTTAGAACAGATCTTCGCGTGTTGACACGCC"
"A3","Bit4_17A","GTACGAACAGCCAAACGCAAGTCTGAGCCGAAGAGGATGGACGAGC"
"B3","Bit4_18A","GTACGAATGCGCTGGATATGGCCGGAACCGTCAACCATACTCAAGC"
"C3","Bit4_19A","GTACGTGATAGCTGCCGGCTCCTCATCAGGGCCCATTTGACTGAGC"
"D3","Bit4_20A","GTACGTCCGTATGCAGTCGCGACCATCGTTTCTGGCGCTCTCGCAC"
"E3","Bit4_21A","GTACGTAGTCTGGTGCGGAACAACTAGGGTAGTGCGTTCAGCTGAC"
"F3","Bit4_22A","GTACGGGCTCGCTTTGATGGACGCTACTGAGTCAACTCGATGGGTC"
"G3","Bit4_23A","GTACGAATCGCACTTACGGAGCGGATCAAGAACCGCGACGCTAATC"
"H3","Bit4_24A","GTACGCAGACTAACTGCCGCCGGGAGTGCTCTGAGAAGGTTCTCAC"
"A4","Bit4_25A","GTACGCGGCCGCCACTTTATTTCCAGGCACAGCGGGTCAGATGGCC"
"B4","Bit4_26A","GTACGCGCTGGCCCAAGGTCTACATAACTCGGTAACGTGGACCTGC"
"C4","Bit4_27A","GTACGGATTGCATCGACTGGAGGCAGCGACTAATGAGGTGGGATCC"
"D4","Bit4_28A","GTACGAGGTAGCAAGAGTCGCGCAAGCCAGGATTTGGCGCGTTGCC"
"E4","Bit4_29A","GTACGAGGAGGACGCGGATTTCCTAGGCTAGGTCCTAGAACAAGCC"
"F4","Bit4_30A","GTACGAAGCCGCAGGCCGGAATATATGTTCACCTGTACGTTACGGC"
"G4","Bit4_31A","GTACGTGCAGAGTCGGGCGTCAGGATTGCGACCGGTGCTGTCGCTC"
"H4","Bit4_32A","GTACGACGAGGCTCCGCTGTGTTTGACCGTAGTACAGGTCACCTCC"
"A5","Bit4_33A","GTACGGCCCAGTTGAGGCGCCCGAATGTATGATAGCGTTTACTTCC"
"B5","Bit4_34A","GTACGTAACTGGAGGGATTCGGTGATGATGACCTGCCATTGCGGGC"
"C5","Bit4_35A","GTACGTTAAGGGCAATTGTGCCGATAGGTTGTCTGGCACCGGCCGC"
"D5","Bit4_36A","GTACGAGCTAGGCCCAGTGGTGGAATGTTCTATTTCAGCCCGGTTC"
"E5","Bit4_37A","GTACGCGGTTTCTGCCATCTAAACGACAGCGCCCGATTTGAGGCGC"
"F5","Bit4_38A","GTACGGACGTGCGGTAGCCTGGTTTACTGAGTACCGAATCAGCCCC"
"G5","Bit4_39A","GTACGGGCCTGACGCGGCGGCGGAGATGTTGTCCCGTGTCCGGCTC"
"H5","Bit4_40A","GTACGAGGATCACTTCAATGCACGAGCCGCAAAGCATAGGACGGCC"
"A1","Bit4_1B","CCGGGAGCAAGTTAAGTGGTGTGCTCTACGCGGTACACGTACACCC"
"B1","Bit4_2B","CCGGGGTAAAGTCAGCGTAGGTGCCTAGTCGCGGGTGCACTTGTTC"
"C1","Bit4_3B","CCGGGCCTGACTGGAGTCACATCCATGTTCGAGGGCCCTACTTCTC"
"D1","Bit4_4B","CCGGGACAGCCGTGCGTTTATGCCTCGGAGGACCCAAGGAGTCCGC"
"E1","Bit4_5B","CCGGGGACGGTTCGTGTACCCTGGTCTCCACGCCGTGATATTCATC"
"F1","Bit4_6B","CCGGGCCGGCTTGTCTCGAGTGCTTCGCCTCAGTCTTCAGTACTTC"
"G1","Bit4_7B","CCGGGCCCGTGCTTGGTCAGCGAGCTTCCGAGCCGTCCCGTAATAC"
"H1","Bit4_8B","CCGGGACCATCAAACCCTCTGATCTCGAGGGCGGCTGGCCCAGGAC"
"A2","Bit4_9B","CCGGGCCCTGACATCCGGGTCGGCTAGCCGGACGGGTCCATCACGC"
"B2","Bit4_10B","CCGGGCGTTCGAGCCATGCAGCCGATTCGTAGCTCATCTCACACGC"
"C2","Bit4_11B","CCGGGATGTGAGGAGCGCGGCGTTCTGATGCGACGGATCGGTGCAC"
"D2","Bit4_12B","CCGGGCTGTGTGAACGATTGAAATATTTGCCCGGGTGCCACAGGTC"
"E2","Bit4_13B","CCGGGGCTATCCCGCCTTGTCCGCTCGTATGGACTGCGCGGGCTAC"
"F2","Bit4_14B","CCGGGTTCCTACACTCTTAACGAGATCGATGCGTGCCGATCCACGC"
"G2","Bit4_15B","CCGGGGAGCTGACTGGCTGCAGTTCTCGCCGTTCGTCGCACCAGCC"
"H2","Bit4_16B","CCGGGGCGTGTCAACACGCGAAGATCTGTTCTAACAAGCAGCACCC"
"A3","Bit4_17B","CCGGGCTCGTCCATCCTCTTCGGCTCAGACTTGCGTTTGGCTGTTC"
"B3","Bit4_18B","CCGGGCTTGAGTATGGTTGACGGTTCCGGCCATATCCAGCGCATTC"
"C3","Bit4_19B","CCGGGCTCAGTCAAATGGGCCCTGATGAGGAGCCGGCAGCTATCAC"
"D3","Bit4_20B","CCGGGTGCGAGAGCGCCAGAAACGATGGTCGCGACTGCATACGGAC"
"E3","Bit4_21B","CCGGGTCAGCTGAACGCACTACCCTAGTTGTTCCGCACCAGACTAC"
"F3","Bit4_22B","CCGGGACCCATCGAGTTGACTCAGTAGCGTCCATCAAAGCGAGCCC"
"G3","Bit4_23B","CCGGGATTAGCGTCGCGGTTCTTGATCCGCTCCGTAAGTGCGATTC"
"H3","Bit4_24B","CCGGGTGAGAACCTTCTCAGAGCACTCCCGGCGGCAGTTAGTCTGC"
"A4","Bit4_25B","CCGGGGCCATCTGACCCGCTGTGCCTGGAAATAAAGTGGCGGCCGC"
"B4","Bit4_26B","CCGGGCAGGTCCACGTTACCGAGTTATGTAGACCTTGGGCCAGCGC"
"C4","Bit4_27B","CCGGGGATCCCACCTCATTAGTCGCTGCCTCCAGTCGATGCAATCC"
"D4","Bit4_28B","CCGGGGCAACGCGCCAAATCCTGGCTTGCGCGACTCTTGCTACCTC"
"E4","Bit4_29B","CCGGGGCTTGTTCTAGGACCTAGCCTAGGAAATCCGCGTCCTCCTC"
"F4","Bit4_30B","CCGGGCCGTAACGTACAGGTGAACATATATTCCGGCCTGCGGCTTC"
"G4","Bit4_31B","CCGGGAGCGACAGCACCGGTCGCAATCCTGACGCCCGACTCTGCAC"
"H4","Bit4_32B","CCGGGGAGGTGACCTGTACTACGGTCAAACACAGCGGAGCCTCGTC"
"A5","Bit4_33B","CCGGGGAAGTAAACGCTATCATACATTCGGGCGCCTCAACTGGGCC"
"B5","Bit4_34B","CCGGGCCCGCAATGGCAGGTCATCATCACCGAATCCCTCCAGTTAC"
"C5","Bit4_35B","CCGGGCGGCCGGTGCCAGACAACCTATCGGCACAATTGCCCTTAAC"
"D5","Bit4_36B","CCGGGAACCGGGCTGAAATAGAACATTCCACCACTGGGCCTAGCTC"
"E5","Bit4_37B","CCGGGCGCCTCAAATCGGGCGCTGTCGTTTAGATGGCAGAAACCGC"
"F5","Bit4_38B","CCGGGGGGCTGATTCGGTACTCAGTAAACCAGGCTACCGCACGTCC"
"G5","Bit4_39B","CCGGGAGCCGGACACGGGACAACATCTCCGCCGCCGCGTCAGGCCC"
"H5","Bit4_40B","CCGGGGCCGTCCTATGCTTTGCGGCTCGTGCATTGAAGTGATCCTC"
